waktu,sensor_id,lokasi,co,co2,suhu,kelembaban
2026-06-05 08:00:00,EM001,Bengkel Alat Berat,12.0,680.0,33.5,73.0
2026-06-05 08:05:00,EM001,Bengkel Alat Berat,14.0,710.0,34.0,72.0
2026-06-05 08:10:00,EM001,Bengkel Alat Berat,17.0,760.0,34.4,71.0
2026-06-05 08:15:00,EM001,Bengkel Alat Berat,21.0,820.0,34.8,70.0
2026-06-05 08:20:00,EM001,Bengkel Alat Berat,24.0,910.0,35.2,69.0
2026-06-05 08:25:00,EM001,Bengkel Alat Berat,22.0,870.0,35.0,69.0
2026-06-05 08:30:00,EM001,Bengkel Alat Berat,20.0,830.0,34.8,70.0
2026-06-05 08:35:00,EM001,Bengkel Alat Berat,18.0,790.0,34.5,70.0
2026-06-05 08:40:00,EM001,Bengkel Alat Berat,16.0,750.0,34.2,71.0
2026-06-05 08:45:00,EM001,Bengkel Alat Berat,15.0,720.0,34.0,72.0
2026-06-05 08:50:00,EM001,Bengkel Alat Berat,17.0,760.0,34.3,71.0
2026-06-05 08:55:00,EM001,Bengkel Alat Berat,20.0,810.0,34.7,70.0
2026-06-05 09:00:00,EM001,Bengkel Alat Berat,23.0,880.0,35.0,69.0
2026-06-05 09:05:00,EM001,Bengkel Alat Berat,27.0,950.0,35.4,68.0
2026-06-05 09:10:00,EM001,Bengkel Alat Berat,31.0,1020.0,35.8,67.0
2026-06-05 09:15:00,EM001,Bengkel Alat Berat,35.0,1100.0,36.1,66.0
2026-06-05 09:20:00,EM001,Bengkel Alat Berat,38.0,1180.0,36.4,65.0
2026-06-05 09:25:00,EM001,Bengkel Alat Berat,34.0,1120.0,36.0,66.0
2026-06-05 09:30:00,EM001,Bengkel Alat Berat,30.0,1050.0,35.6,67.0
2026-06-05 09:35:00,EM001,Bengkel Alat Berat,26.0,960.0,35.2,68.0
2026-06-05 09:40:00,EM001,Bengkel Alat Berat,22.0,880.0,34.8,69.0
2026-06-05 09:45:00,EM001,Bengkel Alat Berat,19.0,820.0,34.5,70.0
2026-06-05 09:50:00,EM001,Bengkel Alat Berat,16.0,760.0,34.1,71.0
2026-06-05 09:55:00,EM001,Bengkel Alat Berat,14.0,710.0,33.9,72.0
2026-06-05 10:00:00,EM001,Bengkel Alat Berat,13.0,690.0,33.8,72.0
2026-06-05 10:05:00,EM001,Bengkel Alat Berat,16.0,740.0,34.1,71.0
2026-06-05 10:10:00,EM001,Bengkel Alat Berat,20.0,820.0,34.5,70.0
2026-06-05 10:15:00,EM001,Bengkel Alat Berat,25.0,920.0,35.0,69.0
2026-06-05 10:20:00,EM001,Bengkel Alat Berat,30.0,1030.0,35.5,68.0
2026-06-05 10:25:00,EM001,Bengkel Alat Berat,36.0,1150.0,36.0,67.0
2026-06-05 10:30:00,EM001,Bengkel Alat Berat,42.0,1280.0,36.5,66.0
2026-06-05 10:35:00,EM001,Bengkel Alat Berat,45.0,1360.0,36.8,65.0
2026-06-05 10:40:00,EM001,Bengkel Alat Berat,40.0,1250.0,36.3,66.0
2026-06-05 10:45:00,EM001,Bengkel Alat Berat,34.0,1120.0,35.8,67.0
2026-06-05 10:50:00,EM001,Bengkel Alat Berat,28.0,980.0,35.3,68.0
2026-06-05 10:55:00,EM001,Bengkel Alat Berat,23.0,890.0,34.9,69.0
2026-06-05 11:00:00,EM001,Bengkel Alat Berat,18.0,800.0,34.4,70.0
2026-06-05 11:05:00,EM001,Bengkel Alat Berat,11.915,700.612,33.195,71.55
2026-06-05 11:10:00,EM001,Bengkel Alat Berat,13.889,673.879,34.54,66.854
2026-06-05 11:15:00,EM001,Bengkel Alat Berat,16.698,783.085,34.817,72.677
2026-06-05 11:20:00,EM001,Bengkel Alat Berat,20.945,858.368,36.087,71.249
2026-06-05 11:25:00,EM001,Bengkel Alat Berat,24.89,937.315,34.581,65.291
2026-06-05 11:30:00,EM001,Bengkel Alat Berat,22.37,889.004,36.527,66.416
2026-06-05 11:35:00,EM001,Bengkel Alat Berat,19.275,845.269,34.701,64.72
2026-06-05 11:40:00,EM001,Bengkel Alat Berat,18.27,731.463,33.196,73.785
2026-06-05 11:45:00,EM001,Bengkel Alat Berat,17.168,713.53,33.749,71.121
2026-06-05 11:50:00,EM001,Bengkel Alat Berat,16.069,705.805,33.351,76.46
2026-06-05 11:55:00,EM001,Bengkel Alat Berat,16.745,781.955,32.273,70.514
2026-06-05 12:00:00,EM001,Bengkel Alat Berat,18.672,775.804,35.865,69.86
2026-06-05 12:05:00,EM001,Bengkel Alat Berat,22.706,853.644,34.691,69.831
2026-06-05 12:10:00,EM001,Bengkel Alat Berat,28.062,850.244,34.222,68.433
2026-06-05 12:15:00,EM001,Bengkel Alat Berat,30.877,1036.458,36.183,66.183
2026-06-05 12:20:00,EM001,Bengkel Alat Berat,34.262,1089.198,37.759,64.067
2026-06-05 12:25:00,EM001,Bengkel Alat Berat,37.905,1188.654,38.672,64.219
2026-06-05 12:30:00,EM001,Bengkel Alat Berat,35.304,1175.193,35.908,65.444
2026-06-05 12:35:00,EM001,Bengkel Alat Berat,29.605,1039.255,36.816,67.619
2026-06-05 12:40:00,EM001,Bengkel Alat Berat,26.245,916.791,33.838,73.83
2026-06-05 12:45:00,EM001,Bengkel Alat Berat,21.844,852.728,36.792,69.778
2026-06-05 12:50:00,EM001,Bengkel Alat Berat,19.439,815.472,34.06,69.525
2026-06-05 12:55:00,EM001,Bengkel Alat Berat,15.115,757.327,34.504,76.255
2026-06-05 13:00:00,EM001,Bengkel Alat Berat,14.048,643.709,33.773,79.89
2026-06-05 13:05:00,EM001,Bengkel Alat Berat,13.451,667.619,34.599,69.863
2026-06-05 13:10:00,EM001,Bengkel Alat Berat,15.134,729.688,34.225,65.683
2026-06-05 13:15:00,EM001,Bengkel Alat Berat,19.081,820.339,33.937,71.105
2026-06-05 13:20:00,EM001,Bengkel Alat Berat,23.785,946.279,33.343,73.534
2026-06-05 13:25:00,EM001,Bengkel Alat Berat,27.941,984.987,36.093,72.527
2026-06-05 13:30:00,EM001,Bengkel Alat Berat,36.454,1175.891,36.025,64.249
2026-06-05 13:35:00,EM001,Bengkel Alat Berat,41.177,1217.95,34.633,67.061
2026-06-05 13:40:00,EM001,Bengkel Alat Berat,42.978,1377.384,34.884,65.771
2026-06-05 13:45:00,EM001,Bengkel Alat Berat,39.218,1320.331,36.77,69.262
2026-06-05 13:50:00,EM001,Bengkel Alat Berat,32.972,1122.515,34.395,65.892
2026-06-05 13:55:00,EM001,Bengkel Alat Berat,27.706,951.546,33.584,64.155
2026-06-05 14:00:00,EM001,Bengkel Alat Berat,20.847,852.394,35.776,64.588
2026-06-05 14:05:00,EM001,Bengkel Alat Berat,17.015,857.309,33.524,70.899
2026-06-05 14:10:00,EM001,Bengkel Alat Berat,12.308,698.021,31.46,72.325
2026-06-05 14:15:00,EM001,Bengkel Alat Berat,13.094,779.475,31.831,68.982
2026-06-05 14:20:00,EM001,Bengkel Alat Berat,16.292,714.502,36.261,77.88
2026-06-05 14:25:00,EM001,Bengkel Alat Berat,20.6,776.69,31.686,69.316
2026-06-05 14:30:00,EM001,Bengkel Alat Berat,23.696,886.293,35.512,70.091
2026-06-05 14:35:00,EM001,Bengkel Alat Berat,22.284,858.999,33.458,70.838
2026-06-05 14:40:00,EM001,Bengkel Alat Berat,20.01,859.493,35.9,66.019
2026-06-05 14:45:00,EM001,Bengkel Alat Berat,16.967,766.125,33.042,72.115
2026-06-05 14:50:00,EM001,Bengkel Alat Berat,16.225,782.976,34.742,71.593
2026-06-05 14:55:00,EM001,Bengkel Alat Berat,15.72,733.528,34.093,76.264
2026-06-05 15:00:00,EM001,Bengkel Alat Berat,17.078,750.748,33.151,72.997
2026-06-05 15:05:00,EM001,Bengkel Alat Berat,20.99,808.361,36.515,64.484
2026-06-05 15:10:00,EM001,Bengkel Alat Berat,22.949,878.589,33.982,75.579
2026-06-05 15:15:00,EM001,Bengkel Alat Berat,26.929,934.506,35.437,62.552
2026-06-05 15:20:00,EM001,Bengkel Alat Berat,30.058,1060.116,34.899,64.779
2026-06-05 15:25:00,EM001,Bengkel Alat Berat,36.833,1158.971,36.847,64.798
2026-06-05 15:30:00,EM001,Bengkel Alat Berat,37.636,1142.044,34.952,62.285
2026-06-05 15:35:00,EM001,Bengkel Alat Berat,33.159,1073.644,33.748,66.579
2026-06-05 15:40:00,EM001,Bengkel Alat Berat,30.282,1121.433,34.648,67.794
2026-06-05 15:45:00,EM001,Bengkel Alat Berat,26.325,950.253,36.248,70.109
2026-06-05 15:50:00,EM001,Bengkel Alat Berat,22.288,871.001,34.302,65.225
2026-06-05 15:55:00,EM001,Bengkel Alat Berat,18.388,799.598,32.949,71.232
2026-06-05 16:00:00,EM001,Bengkel Alat Berat,16.766,732.395,34.487,68.063
2026-06-05 16:05:00,EM001,Bengkel Alat Berat,13.829,690.395,34.716,70.045
2026-06-05 16:10:00,EM001,Bengkel Alat Berat,13.526,683.218,32.922,68.39
2026-06-05 16:15:00,EM001,Bengkel Alat Berat,16.162,766.498,34.473,77.358
2026-06-05 16:20:00,EM001,Bengkel Alat Berat,21.144,809.913,34.061,71.315
2026-06-05 16:25:00,EM001,Bengkel Alat Berat,24.162,962.919,35.506,69.708
2026-06-05 16:30:00,EM001,Bengkel Alat Berat,30.824,1100.981,35.743,67.693
2026-06-05 16:35:00,EM001,Bengkel Alat Berat,38.173,1194.507,35.538,67.014
2026-06-05 16:40:00,EM001,Bengkel Alat Berat,42.328,1298.525,34.519,61.928
2026-06-05 16:45:00,EM001,Bengkel Alat Berat,43.403,1307.518,35.852,66.65
2026-06-05 16:50:00,EM001,Bengkel Alat Berat,39.73,1259.82,34.522,64.781
2026-06-05 16:55:00,EM001,Bengkel Alat Berat,34.799,1146.654,34.762,67.433
2026-06-05 17:00:00,EM001,Bengkel Alat Berat,30.463,979.31,34.321,67.527
2026-06-05 17:05:00,EM001,Bengkel Alat Berat,23.085,884.618,34.856,65.016
2026-06-05 17:10:00,EM001,Bengkel Alat Berat,17.307,795.221,34.173,68.415
2026-06-05 17:15:00,EM001,Bengkel Alat Berat,11.915,681.66,34.692,72.71
2026-06-05 17:20:00,EM001,Bengkel Alat Berat,14.223,694.619,34.778,73.082
2026-06-05 17:25:00,EM001,Bengkel Alat Berat,17.589,781.689,35.21,70.72
2026-06-05 17:30:00,EM001,Bengkel Alat Berat,21.206,854.883,33.892,68.24
2026-06-05 17:35:00,EM001,Bengkel Alat Berat,24.174,925.116,34.04,68.794
2026-06-05 17:40:00,EM001,Bengkel Alat Berat,21.917,792.908,34.693,68.566
2026-06-05 17:45:00,EM001,Bengkel Alat Berat,19.872,877.008,33.108,67.691
2026-06-05 17:50:00,EM001,Bengkel Alat Berat,16.119,774.803,33.954,68.572
2026-06-05 17:55:00,EM001,Bengkel Alat Berat,16.709,775.819,34.307,69.947
2026-06-05 18:00:00,EM001,Bengkel Alat Berat,15.616,719.431,32.887,67.057
2026-06-05 18:05:00,EM001,Bengkel Alat Berat,16.7,782.941,37.423,71.175
2026-06-05 18:10:00,EM001,Bengkel Alat Berat,19.388,771.607,35.466,65.059
2026-06-05 18:15:00,EM001,Bengkel Alat Berat,23.506,908.783,35.611,68.394
2026-06-05 18:20:00,EM001,Bengkel Alat Berat,27.61,956.496,34.298,73.033
2026-06-05 18:25:00,EM001,Bengkel Alat Berat,30.564,1051.651,32.337,70.421
2026-06-05 18:30:00,EM001,Bengkel Alat Berat,37.056,1101.313,36.907,67.474
2026-06-05 18:35:00,EM001,Bengkel Alat Berat,37.023,1205.824,35.223,63.417
2026-06-05 18:40:00,EM001,Bengkel Alat Berat,35.533,1163.665,34.983,64.063
2026-06-05 18:45:00,EM001,Bengkel Alat Berat,29.225,1080.771,34.176,67.956
2026-06-05 18:50:00,EM001,Bengkel Alat Berat,26.777,956.611,36.622,67.172
2026-06-05 18:55:00,EM001,Bengkel Alat Berat,21.812,845.601,36.216,66.884
2026-06-05 19:00:00,EM001,Bengkel Alat Berat,19.266,817.661,33.047,68.295
2026-06-05 19:05:00,EM001,Bengkel Alat Berat,16.885,766.13,32.724,71.867
2026-06-05 19:10:00,EM001,Bengkel Alat Berat,13.918,808.095,34.287,70.904
2026-06-05 19:15:00,EM001,Bengkel Alat Berat,13.738,639.187,33.928,77.744
2026-06-05 19:20:00,EM001,Bengkel Alat Berat,15.926,688.694,33.56,75.131
2026-06-05 19:25:00,EM001,Bengkel Alat Berat,20.301,792.486,33.554,68.433
2026-06-05 19:30:00,EM001,Bengkel Alat Berat,25.361,969.246,36.473,70.259
2026-06-05 19:35:00,EM001,Bengkel Alat Berat,28.402,975.289,36.257,64.34
2026-06-05 19:40:00,EM001,Bengkel Alat Berat,35.675,1163.991,34.362,64.255
2026-06-05 19:45:00,EM001,Bengkel Alat Berat,41.842,1305.787,38.05,67.603
2026-06-05 19:50:00,EM001,Bengkel Alat Berat,45.133,1319.407,35.224,63.672
2026-06-05 19:55:00,EM001,Bengkel Alat Berat,40.656,1266.831,33.251,63.926
2026-06-05 20:00:00,EM001,Bengkel Alat Berat,35.638,1123.549,33.771,73.314
2026-06-05 20:05:00,EM001,Bengkel Alat Berat,27.968,995.066,35.864,67.0
2026-06-05 20:10:00,EM001,Bengkel Alat Berat,22.331,965.532,36.3,71.269
2026-06-05 20:15:00,EM001,Bengkel Alat Berat,18.415,767.894,36.158,67.639
2026-06-05 20:20:00,EM001,Bengkel Alat Berat,12.136,635.409,30.765,73.929
2026-06-05 20:25:00,EM001,Bengkel Alat Berat,13.547,653.508,34.735,78.106
2026-06-05 20:30:00,EM001,Bengkel Alat Berat,17.945,752.178,34.412,73.521
2026-06-05 20:35:00,EM001,Bengkel Alat Berat,21.943,808.732,34.848,70.842
2026-06-05 20:40:00,EM001,Bengkel Alat Berat,24.532,905.156,35.031,72.808
2026-06-05 20:45:00,EM001,Bengkel Alat Berat,23.064,886.614,37.407,67.933
2026-06-05 20:50:00,EM001,Bengkel Alat Berat,21.298,848.012,39.353,66.661
2026-06-05 20:55:00,EM001,Bengkel Alat Berat,17.504,803.234,35.048,75.46
2026-06-05 21:00:00,EM001,Bengkel Alat Berat,15.572,777.148,35.79,73.001
2026-06-05 21:05:00,EM001,Bengkel Alat Berat,14.423,760.543,35.672,73.727
2026-06-05 21:10:00,EM001,Bengkel Alat Berat,17.139,766.874,34.192,72.82
2026-06-05 21:15:00,EM001,Bengkel Alat Berat,20.025,782.508,33.245,67.894
2026-06-05 21:20:00,EM001,Bengkel Alat Berat,23.204,879.051,35.301,70.382
2026-06-05 21:25:00,EM001,Bengkel Alat Berat,26.322,1005.695,35.021,66.821
2026-06-05 21:30:00,EM001,Bengkel Alat Berat,31.598,945.07,34.668,69.629
2026-06-05 21:35:00,EM001,Bengkel Alat Berat,32.568,1149.173,38.282,65.025
2026-06-05 21:40:00,EM001,Bengkel Alat Berat,38.444,1232.821,35.72,67.256
2026-06-05 21:45:00,EM001,Bengkel Alat Berat,33.087,1098.603,34.849,66.905
2026-06-05 21:50:00,EM001,Bengkel Alat Berat,31.39,1042.267,33.79,64.098
2026-06-05 21:55:00,EM001,Bengkel Alat Berat,26.41,1030.814,35.754,66.948
2026-06-05 22:00:00,EM001,Bengkel Alat Berat,22.674,871.57,34.273,66.355
2026-06-05 22:05:00,EM001,Bengkel Alat Berat,20.07,736.714,35.601,68.702
2026-06-05 22:10:00,EM001,Bengkel Alat Berat,15.737,811.446,33.126,69.069
2026-06-05 22:15:00,EM001,Bengkel Alat Berat,13.927,721.753,33.301,67.467
2026-06-05 22:20:00,EM001,Bengkel Alat Berat,12.55,725.365,33.901,73.299
2026-06-05 22:25:00,EM001,Bengkel Alat Berat,15.833,720.479,36.388,70.466
2026-06-05 22:30:00,EM001,Bengkel Alat Berat,19.645,855.953,33.503,68.335
2026-06-05 22:35:00,EM001,Bengkel Alat Berat,25.01,920.01,35.363,74.773
2026-06-05 22:40:00,EM001,Bengkel Alat Berat,30.403,932.024,35.963,68.103
2026-06-05 22:45:00,EM001,Bengkel Alat Berat,36.063,1161.314,35.959,66.859
2026-06-05 22:50:00,EM001,Bengkel Alat Berat,43.03,1252.245,35.116,73.983
2026-06-05 22:55:00,EM001,Bengkel Alat Berat,43.711,1365.448,34.598,65.303
2026-06-05 23:00:00,EM001,Bengkel Alat Berat,38.507,1227.876,37.817,67.246
2026-06-05 23:05:00,EM001,Bengkel Alat Berat,34.773,1040.65,38.43,63.806
2026-06-05 23:10:00,EM001,Bengkel Alat Berat,29.712,1020.045,36.115,65.674
2026-06-05 23:15:00,EM001,Bengkel Alat Berat,23.139,873.235,34.941,68.31
2026-06-05 23:20:00,EM001,Bengkel Alat Berat,16.532,835.897,34.288,68.643
2026-06-05 23:25:00,EM001,Bengkel Alat Berat,11.731,689.75,32.302,66.415
2026-06-05 23:30:00,EM001,Bengkel Alat Berat,14.228,724.743,33.729,68.694
2026-06-05 23:35:00,EM001,Bengkel Alat Berat,17.06,715.478,32.987,68.868
2026-06-05 23:40:00,EM001,Bengkel Alat Berat,21.709,808.106,34.177,75.473
2026-06-05 23:45:00,EM001,Bengkel Alat Berat,24.338,922.339,34.679,67.354
2026-06-05 23:50:00,EM001,Bengkel Alat Berat,20.076,903.712,35.628,68.506
2026-06-05 23:55:00,EM001,Bengkel Alat Berat,19.89,854.44,32.636,68.348
2026-06-06 00:00:00,EM001,Bengkel Alat Berat,17.182,845.98,35.708,63.832
2026-06-06 00:05:00,EM001,Bengkel Alat Berat,15.031,746.03,33.554,67.239
2026-06-06 00:10:00,EM001,Bengkel Alat Berat,16.167,729.001,34.646,70.007
2026-06-06 00:15:00,EM001,Bengkel Alat Berat,17.491,748.435,33.911,72.735
2026-06-06 00:20:00,EM001,Bengkel Alat Berat,18.697,861.744,34.953,73.587
2026-06-06 00:25:00,EM001,Bengkel Alat Berat,22.011,847.505,33.373,69.691
2026-06-06 00:30:00,EM001,Bengkel Alat Berat,27.071,932.352,33.964,64.555
2026-06-06 00:35:00,EM001,Bengkel Alat Berat,30.94,1001.004,34.818,71.146
2026-06-06 00:40:00,EM001,Bengkel Alat Berat,34.885,1155.882,35.33,66.646
2026-06-06 00:45:00,EM001,Bengkel Alat Berat,37.916,1099.872,38.48,64.649
2026-06-06 00:50:00,EM001,Bengkel Alat Berat,35.015,1086.309,35.763,63.712
2026-06-06 00:55:00,EM001,Bengkel Alat Berat,31.483,1063.079,36.123,70.64
2026-06-06 01:00:00,EM001,Bengkel Alat Berat,27.203,989.389,33.198,66.108
2026-06-06 01:05:00,EM001,Bengkel Alat Berat,21.117,905.609,35.038,65.162
2026-06-06 01:10:00,EM001,Bengkel Alat Berat,18.857,770.993,34.427,65.365
2026-06-06 01:15:00,EM001,Bengkel Alat Berat,16.338,771.49,36.702,73.408
2026-06-06 01:20:00,EM001,Bengkel Alat Berat,13.763,733.233,32.005,69.228
2026-06-06 01:25:00,EM001,Bengkel Alat Berat,13.173,630.432,33.75,69.062
2026-06-06 01:30:00,EM001,Bengkel Alat Berat,16.065,708.099,34.679,71.055
2026-06-06 01:35:00,EM001,Bengkel Alat Berat,21.12,820.221,33.439,69.309
2026-06-06 01:40:00,EM001,Bengkel Alat Berat,23.656,934.946,35.826,75.815
2026-06-06 01:45:00,EM001,Bengkel Alat Berat,29.254,1018.967,34.682,68.577
2026-06-06 01:50:00,EM001,Bengkel Alat Berat,36.55,1147.545,37.564,65.346
2026-06-06 01:55:00,EM001,Bengkel Alat Berat,43.657,1307.571,36.482,65.169
2026-06-06 02:00:00,EM001,Bengkel Alat Berat,49.368,1315.555,37.239,63.049
2026-06-06 02:05:00,EM001,Bengkel Alat Berat,42.857,1294.341,35.315,67.353
2026-06-06 02:10:00,EM001,Bengkel Alat Berat,34.35,1096.855,36.886,68.043
2026-06-06 02:15:00,EM001,Bengkel Alat Berat,28.242,978.357,35.909,68.624
2026-06-06 02:20:00,EM001,Bengkel Alat Berat,23.054,867.18,37.264,66.101
2026-06-06 02:25:00,EM001,Bengkel Alat Berat,18.308,789.752,36.821,67.47
2026-06-06 02:30:00,EM001,Bengkel Alat Berat,11.647,653.621,33.933,68.991
2026-06-06 02:35:00,EM001,Bengkel Alat Berat,13.732,648.873,34.327,70.559
2026-06-06 02:40:00,EM001,Bengkel Alat Berat,15.988,793.003,32.601,73.263
2026-06-06 02:45:00,EM001,Bengkel Alat Berat,20.411,872.532,35.843,67.177
2026-06-06 02:50:00,EM001,Bengkel Alat Berat,23.12,932.041,34.831,68.533
2026-06-06 02:55:00,EM001,Bengkel Alat Berat,23.12,843.946,35.128,71.635
2026-06-06 03:00:00,EM001,Bengkel Alat Berat,20.647,824.701,34.398,65.131
2026-06-06 03:05:00,EM001,Bengkel Alat Berat,17.24,800.06,34.31,70.21
2026-06-06 03:10:00,EM001,Bengkel Alat Berat,16.665,714.38,33.877,71.536
2026-06-06 03:15:00,EM001,Bengkel Alat Berat,14.578,761.227,35.236,72.836
2026-06-06 03:20:00,EM001,Bengkel Alat Berat,18.22,714.434,34.289,72.04
2026-06-06 03:25:00,EM001,Bengkel Alat Berat,19.268,819.743,33.164,71.934
2026-06-06 03:30:00,EM001,Bengkel Alat Berat,23.973,889.586,32.406,66.332
2026-06-06 03:35:00,EM001,Bengkel Alat Berat,27.61,950.806,31.585,71.38
2026-06-06 03:40:00,EM001,Bengkel Alat Berat,31.169,986.582,37.225,65.184
2026-06-06 03:45:00,EM001,Bengkel Alat Berat,34.036,1115.768,38.672,70.286
2026-06-06 03:50:00,EM001,Bengkel Alat Berat,38.547,1201.825,37.552,61.732
2026-06-06 03:55:00,EM001,Bengkel Alat Berat,34.876,1087.114,36.459,65.399
2026-06-06 04:00:00,EM001,Bengkel Alat Berat,30.601,1054.96,31.224,67.479
2026-06-06 04:05:00,EM001,Bengkel Alat Berat,26.668,977.124,35.056,72.467
2026-06-06 04:10:00,EM001,Bengkel Alat Berat,22.274,895.406,36.254,70.001
2026-06-06 04:15:00,EM001,Bengkel Alat Berat,18.318,740.023,33.842,72.131
2026-06-06 04:20:00,EM001,Bengkel Alat Berat,15.774,784.356,34.303,74.658
2026-06-06 04:25:00,EM001,Bengkel Alat Berat,13.835,723.28,34.586,76.325
2026-06-06 04:30:00,EM001,Bengkel Alat Berat,12.113,677.348,34.947,76.452
2026-06-06 04:35:00,EM001,Bengkel Alat Berat,16.154,731.336,35.133,73.467
2026-06-06 04:40:00,EM001,Bengkel Alat Berat,19.712,830.834,36.129,75.293
2026-06-06 04:45:00,EM001,Bengkel Alat Berat,25.743,921.624,34.924,70.538
2026-06-06 04:50:00,EM001,Bengkel Alat Berat,29.861,1037.813,33.998,71.528
2026-06-06 04:55:00,EM001,Bengkel Alat Berat,34.358,1130.123,36.141,72.336
2026-06-06 05:00:00,EM001,Bengkel Alat Berat,41.29,1245.9,35.696,70.379
2026-06-06 05:05:00,EM001,Bengkel Alat Berat,39.938,1305.451,40.82,66.536
2026-06-06 05:10:00,EM001,Bengkel Alat Berat,38.23,1247.904,36.398,68.234
2026-06-06 05:15:00,EM001,Bengkel Alat Berat,36.502,1137.407,35.027,69.109
2026-06-06 05:20:00,EM001,Bengkel Alat Berat,27.218,939.493,32.815,63.743
2026-06-06 05:25:00,EM001,Bengkel Alat Berat,22.175,848.071,35.337,65.69
2026-06-06 05:30:00,EM001,Bengkel Alat Berat,15.737,766.595,33.751,68.305
2026-06-06 05:35:00,EM001,Bengkel Alat Berat,12.729,663.312,34.68,72.945
2026-06-06 05:40:00,EM001,Bengkel Alat Berat,13.976,686.275,33.92,69.797
2026-06-06 05:45:00,EM001,Bengkel Alat Berat,17.116,752.818,33.1,73.817
2026-06-06 05:50:00,EM001,Bengkel Alat Berat,21.359,805.304,35.003,69.765
2026-06-06 05:55:00,EM001,Bengkel Alat Berat,23.167,912.566,34.326,66.392
2026-06-06 06:00:00,EM001,Bengkel Alat Berat,20.572,857.52,35.794,67.083
2026-06-06 06:05:00,EM001,Bengkel Alat Berat,22.017,859.405,36.616,72.227
2026-06-06 06:10:00,EM001,Bengkel Alat Berat,19.334,765.131,30.966,68.751
2026-06-06 06:15:00,EM001,Bengkel Alat Berat,16.357,754.546,34.577,74.751
2026-06-06 06:20:00,EM001,Bengkel Alat Berat,15.229,743.009,32.722,68.845
2026-06-06 06:25:00,EM001,Bengkel Alat Berat,18.098,763.067,33.445,69.235
2026-06-06 06:30:00,EM001,Bengkel Alat Berat,19.481,787.03,32.919,65.799
2026-06-06 06:35:00,EM001,Bengkel Alat Berat,22.821,859.129,36.55,69.809
2026-06-06 06:40:00,EM001,Bengkel Alat Berat,27.287,921.761,35.229,68.982
2026-06-06 06:45:00,EM001,Bengkel Alat Berat,31.888,1016.169,37.345,67.021
2026-06-06 06:50:00,EM001,Bengkel Alat Berat,36.11,1078.447,33.483,66.708
2026-06-06 06:55:00,EM001,Bengkel Alat Berat,39.102,1207.156,37.015,64.094
2026-06-06 07:00:00,EM001,Bengkel Alat Berat,32.903,1144.717,36.614,64.519
2026-06-06 07:05:00,EM001,Bengkel Alat Berat,31.331,1012.92,34.769,71.386
2026-06-06 07:10:00,EM001,Bengkel Alat Berat,26.903,946.252,35.605,68.421
2026-06-06 07:15:00,EM001,Bengkel Alat Berat,19.584,848.092,34.729,68.016
2026-06-06 07:20:00,EM001,Bengkel Alat Berat,19.188,857.047,34.056,67.039
2026-06-06 07:25:00,EM001,Bengkel Alat Berat,16.208,750.071,33.887,70.171
2026-06-06 07:30:00,EM001,Bengkel Alat Berat,15.255,646.364,33.373,71.989
2026-06-06 07:35:00,EM001,Bengkel Alat Berat,12.594,714.835,34.9,71.862
2026-06-06 07:40:00,EM001,Bengkel Alat Berat,15.827,736.686,33.957,70.777
2026-06-06 07:45:00,EM001,Bengkel Alat Berat,19.85,828.28,35.539,66.555
2026-06-06 07:50:00,EM001,Bengkel Alat Berat,23.949,855.655,36.213,69.691
2026-06-06 07:55:00,EM001,Bengkel Alat Berat,30.606,971.105,38.035,66.344
2026-06-06 08:00:00,EM001,Bengkel Alat Berat,36.242,1189.302,34.579,65.536
2026-06-06 08:05:00,EM001,Bengkel Alat Berat,42.301,1426.303,36.94,70.241
2026-06-06 08:10:00,EM001,Bengkel Alat Berat,47.17,1380.02,35.344,67.755
2026-06-06 08:15:00,EM001,Bengkel Alat Berat,37.603,1330.044,36.59,59.003
2026-06-06 08:20:00,EM001,Bengkel Alat Berat,33.537,1149.297,35.461,68.916
2026-06-06 08:25:00,EM001,Bengkel Alat Berat,27.048,928.805,35.199,68.086
2026-06-06 08:30:00,EM001,Bengkel Alat Berat,22.679,933.692,33.713,69.864
2026-06-06 08:35:00,EM001,Bengkel Alat Berat,18.049,750.185,32.585,70.033
2026-06-06 08:40:00,EM001,Bengkel Alat Berat,12.951,695.756,31.188,63.917
2026-06-06 08:45:00,EM001,Bengkel Alat Berat,14.411,707.268,35.552,69.464
2026-06-06 08:50:00,EM001,Bengkel Alat Berat,17.238,785.724,33.784,69.79
2026-06-06 08:55:00,EM001,Bengkel Alat Berat,21.021,837.8,34.78,72.727
2026-06-06 09:00:00,EM001,Bengkel Alat Berat,23.557,861.646,37.984,67.331
2026-06-06 09:05:00,EM001,Bengkel Alat Berat,21.5,867.71,35.094,67.933
2026-06-06 09:10:00,EM001,Bengkel Alat Berat,19.986,828.68,35.043,63.399
2026-06-06 09:15:00,EM001,Bengkel Alat Berat,19.354,785.346,35.301,66.141
2026-06-06 09:20:00,EM001,Bengkel Alat Berat,15.699,729.831,36.211,69.336
2026-06-06 09:25:00,EM001,Bengkel Alat Berat,15.455,701.268,33.384,71.293
2026-06-06 09:30:00,EM001,Bengkel Alat Berat,17.873,702.548,32.495,65.47
2026-06-06 09:35:00,EM001,Bengkel Alat Berat,19.13,783.704,32.459,67.944
2026-06-06 09:40:00,EM001,Bengkel Alat Berat,21.146,844.167,36.681,70.114
2026-06-06 09:45:00,EM001,Bengkel Alat Berat,27.202,911.894,33.225,64.901
2026-06-06 09:50:00,EM001,Bengkel Alat Berat,30.946,1055.422,37.092,68.69
2026-06-06 09:55:00,EM001,Bengkel Alat Berat,33.967,1101.08,35.636,65.469
2026-06-06 10:00:00,EM001,Bengkel Alat Berat,41.096,1096.834,36.058,68.151
2026-06-06 10:05:00,EM001,Bengkel Alat Berat,32.006,1091.16,35.238,65.411
2026-06-06 10:10:00,EM001,Bengkel Alat Berat,28.085,1075.002,36.549,68.362
2026-06-06 10:15:00,EM001,Bengkel Alat Berat,25.095,963.322,33.934,67.095
2026-06-06 10:20:00,EM001,Bengkel Alat Berat,23.895,883.368,33.147,69.498
2026-06-06 10:25:00,EM001,Bengkel Alat Berat,17.973,780.672,33.063,68.756
2026-06-06 10:30:00,EM001,Bengkel Alat Berat,16.6,777.583,34.813,67.879
2026-06-06 10:35:00,EM001,Bengkel Alat Berat,13.697,717.725,33.048,71.198
2026-06-06 10:40:00,EM001,Bengkel Alat Berat,13.23,680.374,34.106,76.587
2026-06-06 10:45:00,EM001,Bengkel Alat Berat,15.89,774.908,34.863,66.833
2026-06-06 10:50:00,EM001,Bengkel Alat Berat,19.118,792.658,33.32,69.747
2026-06-06 10:55:00,EM001,Bengkel Alat Berat,25.615,966.19,35.431,67.77
2026-06-06 11:00:00,EM001,Bengkel Alat Berat,27.501,1032.908,35.537,68.498
2026-06-06 11:05:00,EM001,Bengkel Alat Berat,39.033,1207.067,37.13,64.422
2026-06-06 11:10:00,EM001,Bengkel Alat Berat,41.138,1275.144,35.368,67.321
2026-06-06 11:15:00,EM001,Bengkel Alat Berat,45.642,1300.796,38.562,65.266
2026-06-06 11:20:00,EM001,Bengkel Alat Berat,37.233,1247.433,36.708,68.568
2026-06-06 11:25:00,EM001,Bengkel Alat Berat,33.541,1157.092,36.068,63.476
2026-06-06 11:30:00,EM001,Bengkel Alat Berat,26.415,1024.004,36.989,68.878
2026-06-06 11:35:00,EM001,Bengkel Alat Berat,24.376,927.615,35.854,66.485
2026-06-06 11:40:00,EM001,Bengkel Alat Berat,19.247,817.162,33.869,68.129
2026-06-06 11:45:00,EM001,Bengkel Alat Berat,12.123,634.547,34.438,70.216
2026-06-06 11:50:00,EM001,Bengkel Alat Berat,14.208,695.186,33.64,69.82
2026-06-06 11:55:00,EM001,Bengkel Alat Berat,16.89,817.437,36.306,72.007
2026-06-06 12:00:00,EM001,Bengkel Alat Berat,20.979,847.69,36.373,67.677
2026-06-06 12:05:00,EM001,Bengkel Alat Berat,23.926,843.681,36.781,74.699
2026-06-06 12:10:00,EM001,Bengkel Alat Berat,22.07,796.05,35.852,66.505
2026-06-06 12:15:00,EM001,Bengkel Alat Berat,19.469,850.802,35.154,68.633
2026-06-06 12:20:00,EM001,Bengkel Alat Berat,17.532,793.976,33.935,66.894
2026-06-06 12:25:00,EM001,Bengkel Alat Berat,15.787,760.188,33.956,66.986
2026-06-06 12:30:00,EM001,Bengkel Alat Berat,15.593,641.122,33.393,70.214
2026-06-06 12:35:00,EM001,Bengkel Alat Berat,17.101,777.075,35.846,68.977
2026-06-06 12:40:00,EM001,Bengkel Alat Berat,20.469,816.345,32.324,75.322
2026-06-06 12:45:00,EM001,Bengkel Alat Berat,21.676,894.766,35.546,69.761
2026-06-06 12:50:00,EM001,Bengkel Alat Berat,26.466,981.436,33.191,67.821
2026-06-06 12:55:00,EM001,Bengkel Alat Berat,30.301,992.366,36.414,69.888
2026-06-06 13:00:00,EM001,Bengkel Alat Berat,34.519,1134.35,36.172,63.643
2026-06-06 13:05:00,EM001,Bengkel Alat Berat,37.608,1165.864,35.386,66.114
2026-06-06 13:10:00,EM001,Bengkel Alat Berat,34.319,1048.739,33.622,67.121
2026-06-06 13:15:00,EM001,Bengkel Alat Berat,29.022,1062.686,36.712,63.594
2026-06-06 13:20:00,EM001,Bengkel Alat Berat,24.532,1024.298,35.695,66.86
2026-06-06 13:25:00,EM001,Bengkel Alat Berat,21.178,862.032,33.143,71.438
2026-06-06 13:30:00,EM001,Bengkel Alat Berat,18.41,855.868,33.947,67.079
2026-06-06 13:35:00,EM001,Bengkel Alat Berat,15.727,680.225,33.935,70.517
2026-06-06 13:40:00,EM001,Bengkel Alat Berat,14.462,656.429,35.475,74.363
2026-06-06 13:45:00,EM001,Bengkel Alat Berat,13.651,688.545,35.171,67.763
2026-06-06 13:50:00,EM001,Bengkel Alat Berat,16.456,717.174,31.847,67.807
2026-06-06 13:55:00,EM001,Bengkel Alat Berat,20.004,792.963,35.019,64.937
2026-06-06 14:00:00,EM001,Bengkel Alat Berat,22.873,970.504,36.265,66.104
2026-06-06 14:05:00,EM001,Bengkel Alat Berat,29.996,1072.004,36.095,68.403
2026-06-06 14:10:00,EM001,Bengkel Alat Berat,37.577,1116.387,36.045,66.952
2026-06-06 14:15:00,EM001,Bengkel Alat Berat,41.542,1260.042,36.606,66.091
2026-06-06 14:20:00,EM001,Bengkel Alat Berat,43.113,1403.618,35.363,64.433
2026-06-06 14:25:00,EM001,Bengkel Alat Berat,39.528,1267.905,33.223,68.352
2026-06-06 14:30:00,EM001,Bengkel Alat Berat,33.079,1174.654,35.115,66.869
2026-06-06 14:35:00,EM001,Bengkel Alat Berat,30.143,969.128,37.049,68.106
2026-06-06 14:40:00,EM001,Bengkel Alat Berat,23.382,892.491,36.084,67.108
2026-06-06 14:45:00,EM001,Bengkel Alat Berat,17.291,779.566,34.537,69.382
2026-06-06 14:50:00,EM001,Bengkel Alat Berat,12.341,715.489,32.192,70.857
2026-06-06 14:55:00,EM001,Bengkel Alat Berat,13.196,767.663,34.414,73.382
2026-06-06 15:00:00,EM001,Bengkel Alat Berat,16.089,759.964,35.101,70.282
2026-06-06 15:05:00,EM001,Bengkel Alat Berat,21.904,895.828,33.482,67.138
2026-06-06 15:10:00,EM001,Bengkel Alat Berat,23.157,968.466,36.668,68.626
2026-06-06 15:15:00,EM001,Bengkel Alat Berat,22.032,841.584,36.246,67.951
2026-06-06 15:20:00,EM001,Bengkel Alat Berat,19.792,850.212,34.538,69.342
2026-06-06 15:25:00,EM001,Bengkel Alat Berat,18.008,815.133,36.772,71.639
2026-06-06 15:30:00,EM001,Bengkel Alat Berat,16.514,744.004,33.232,72.857
2026-06-06 15:35:00,EM001,Bengkel Alat Berat,15.103,679.028,33.554,71.761
2026-06-06 15:40:00,EM001,Bengkel Alat Berat,16.653,805.045,34.958,74.9
2026-06-06 15:45:00,EM001,Bengkel Alat Berat,20.211,812.637,33.4,70.033
2026-06-06 15:50:00,EM001,Bengkel Alat Berat,23.012,831.878,34.245,68.108
2026-06-06 15:55:00,EM001,Bengkel Alat Berat,27.447,967.531,34.577,69.275
2026-06-06 16:00:00,EM001,Bengkel Alat Berat,30.774,902.92,35.106,69.892
2026-06-06 16:05:00,EM001,Bengkel Alat Berat,32.645,1104.958,38.389,63.992
2026-06-06 16:10:00,EM001,Bengkel Alat Berat,38.003,1118.45,38.769,64.783
2026-06-06 16:15:00,EM001,Bengkel Alat Berat,34.063,1180.673,36.953,63.688
2026-06-06 16:20:00,EM001,Bengkel Alat Berat,29.223,1070.787,34.711,61.326
2026-06-06 16:25:00,EM001,Bengkel Alat Berat,25.945,903.16,37.476,68.481
2026-06-06 16:30:00,EM001,Bengkel Alat Berat,21.203,855.408,32.17,65.965
2026-06-06 16:35:00,EM001,Bengkel Alat Berat,19.772,893.203,35.502,69.742
2026-06-06 16:40:00,EM001,Bengkel Alat Berat,15.724,730.923,36.91,70.464
2026-06-06 16:45:00,EM001,Bengkel Alat Berat,15.185,749.576,31.539,70.082
2026-06-06 16:50:00,EM001,Bengkel Alat Berat,12.652,687.796,33.718,80.629
2026-06-06 16:55:00,EM001,Bengkel Alat Berat,15.311,746.778,34.941,70.996
2026-06-06 17:00:00,EM001,Bengkel Alat Berat,20.088,785.73,34.647,71.432
2026-06-06 17:05:00,EM001,Bengkel Alat Berat,25.328,940.983,36.978,71.586
2026-06-06 17:10:00,EM001,Bengkel Alat Berat,30.086,981.724,34.648,67.403
2026-06-06 17:15:00,EM001,Bengkel Alat Berat,36.363,1127.997,34.653,63.816
2026-06-06 17:20:00,EM001,Bengkel Alat Berat,39.226,1267.971,34.354,63.359
2026-06-06 17:25:00,EM001,Bengkel Alat Berat,44.291,1287.326,37.359,66.925
2026-06-06 17:30:00,EM001,Bengkel Alat Berat,39.121,1228.149,37.08,64.115
2026-06-06 17:35:00,EM001,Bengkel Alat Berat,32.935,1173.603,37.066,68.612
2026-06-06 17:40:00,EM001,Bengkel Alat Berat,29.037,902.491,37.212,69.066
2026-06-06 17:45:00,EM001,Bengkel Alat Berat,23.93,903.783,34.968,68.24
2026-06-06 17:50:00,EM001,Bengkel Alat Berat,18.264,790.024,35.594,65.558
2026-06-06 17:55:00,EM001,Bengkel Alat Berat,11.74,735.619,32.661,72.303
2026-06-06 18:00:00,EM001,Bengkel Alat Berat,13.506,719.538,32.999,71.465
2026-06-06 18:05:00,EM001,Bengkel Alat Berat,17.577,738.758,35.485,73.335
2026-06-06 18:10:00,EM001,Bengkel Alat Berat,21.886,824.61,39.312,72.953
2026-06-06 18:15:00,EM001,Bengkel Alat Berat,24.312,878.116,35.063,72.937
2026-06-06 18:20:00,EM001,Bengkel Alat Berat,23.504,921.446,36.099,65.534
2026-06-06 18:25:00,EM001,Bengkel Alat Berat,20.39,788.785,32.729,70.67
2026-06-06 18:30:00,EM001,Bengkel Alat Berat,18.377,818.547,35.186,71.488
2026-06-06 18:35:00,EM001,Bengkel Alat Berat,15.37,746.851,32.138,65.31
2026-06-06 18:40:00,EM001,Bengkel Alat Berat,15.444,698.31,35.187,75.192
2026-06-06 18:45:00,EM001,Bengkel Alat Berat,16.579,777.945,33.393,65.758
2026-06-06 18:50:00,EM001,Bengkel Alat Berat,20.099,794.744,34.089,75.531
2026-06-06 18:55:00,EM001,Bengkel Alat Berat,21.596,893.477,33.607,71.507
2026-06-06 19:00:00,EM001,Bengkel Alat Berat,27.322,964.415,34.062,65.918
2026-06-06 19:05:00,EM001,Bengkel Alat Berat,32.15,1092.249,36.488,64.595
2026-06-06 19:10:00,EM001,Bengkel Alat Berat,35.475,1206.809,36.248,69.859
2026-06-06 19:15:00,EM001,Bengkel Alat Berat,36.875,1178.014,37.302,66.033
2026-06-06 19:20:00,EM001,Bengkel Alat Berat,32.958,1083.734,37.423,69.146
2026-06-06 19:25:00,EM001,Bengkel Alat Berat,31.815,1125.765,35.792,66.166
2026-06-06 19:30:00,EM001,Bengkel Alat Berat,27.405,987.382,33.817,65.189
2026-06-06 19:35:00,EM001,Bengkel Alat Berat,22.433,873.76,34.763,71.96
2026-06-06 19:40:00,EM001,Bengkel Alat Berat,19.577,863.62,31.834,70.71
2026-06-06 19:45:00,EM001,Bengkel Alat Berat,16.445,713.592,33.207,68.613
2026-06-06 19:50:00,EM001,Bengkel Alat Berat,14.012,756.231,36.643,69.655
2026-06-06 19:55:00,EM001,Bengkel Alat Berat,13.274,705.423,34.324,73.149
2026-06-06 20:00:00,EM001,Bengkel Alat Berat,16.194,789.952,35.604,67.989
2026-06-06 20:05:00,EM001,Bengkel Alat Berat,20.637,849.27,34.935,73.168
2026-06-06 20:10:00,EM001,Bengkel Alat Berat,25.188,927.377,35.17,63.43
2026-06-06 20:15:00,EM001,Bengkel Alat Berat,29.904,1002.468,33.815,71.901
2026-06-06 20:20:00,EM001,Bengkel Alat Berat,36.726,1148.628,35.187,67.794
2026-06-06 20:25:00,EM001,Bengkel Alat Berat,43.666,1237.659,36.493,68.292
2026-06-06 20:30:00,EM001,Bengkel Alat Berat,41.515,1356.868,36.168,64.652
2026-06-06 20:35:00,EM001,Bengkel Alat Berat,39.197,1256.881,39.093,65.145
2026-06-06 20:40:00,EM001,Bengkel Alat Berat,34.397,1209.365,35.012,71.863
2026-06-06 20:45:00,EM001,Bengkel Alat Berat,28.006,1049.85,36.359,68.835
2026-06-06 20:50:00,EM001,Bengkel Alat Berat,22.94,867.784,35.006,71.477
2026-06-06 20:55:00,EM001,Bengkel Alat Berat,17.991,789.868,34.055,72.779
2026-06-06 21:00:00,EM001,Bengkel Alat Berat,12.588,661.854,32.604,74.108
2026-06-06 21:05:00,EM001,Bengkel Alat Berat,14.855,742.546,32.297,71.239
2026-06-06 21:10:00,EM001,Bengkel Alat Berat,16.367,751.868,36.608,66.96
2026-06-06 21:15:00,EM001,Bengkel Alat Berat,19.64,792.823,35.2,71.738
2026-06-06 21:20:00,EM001,Bengkel Alat Berat,24.42,952.795,32.718,72.28
2026-06-06 21:25:00,EM001,Bengkel Alat Berat,21.725,895.456,33.147,69.014
2026-06-06 21:30:00,EM001,Bengkel Alat Berat,20.189,868.371,32.593,70.086
2026-06-06 21:35:00,EM001,Bengkel Alat Berat,17.219,805.974,35.573,73.604
2026-06-06 21:40:00,EM001,Bengkel Alat Berat,15.658,777.817,36.062,66.333
2026-06-06 21:45:00,EM001,Bengkel Alat Berat,15.367,747.605,33.648,68.513
2026-06-06 21:50:00,EM001,Bengkel Alat Berat,17.641,723.535,34.055,70.886
2026-06-06 21:55:00,EM001,Bengkel Alat Berat,20.572,789.697,33.75,70.277
2026-06-06 22:00:00,EM001,Bengkel Alat Berat,23.926,960.518,32.89,69.87
2026-06-06 22:05:00,EM001,Bengkel Alat Berat,25.827,988.715,34.071,66.165
2026-06-06 22:10:00,EM001,Bengkel Alat Berat,30.269,1016.891,36.263,68.296
2026-06-06 22:15:00,EM001,Bengkel Alat Berat,34.992,1041.485,37.151,65.86
2026-06-06 22:20:00,EM001,Bengkel Alat Berat,39.766,1146.595,34.067,64.912
2026-06-06 22:25:00,EM001,Bengkel Alat Berat,35.762,1127.21,35.712,63.702
2026-06-06 22:30:00,EM001,Bengkel Alat Berat,32.109,1006.757,34.567,68.528
2026-06-06 22:35:00,EM001,Bengkel Alat Berat,24.07,1008.944,36.079,70.446
2026-06-06 22:40:00,EM001,Bengkel Alat Berat,22.491,874.328,33.32,68.613
2026-06-06 22:45:00,EM001,Bengkel Alat Berat,18.259,835.946,35.613,74.135
2026-06-06 22:50:00,EM001,Bengkel Alat Berat,16.238,788.107,33.695,69.642
2026-06-06 22:55:00,EM001,Bengkel Alat Berat,14.265,699.024,34.265,68.944
2026-06-06 23:00:00,EM001,Bengkel Alat Berat,12.542,707.537,34.999,69.161
2026-06-06 23:05:00,EM001,Bengkel Alat Berat,16.429,724.231,34.123,75.024
2026-06-06 23:10:00,EM001,Bengkel Alat Berat,20.646,846.105,37.134,68.029
2026-06-06 23:15:00,EM001,Bengkel Alat Berat,24.014,893.426,34.644,62.501
2026-06-06 23:20:00,EM001,Bengkel Alat Berat,29.751,1007.564,36.613,68.959
2026-06-06 23:25:00,EM001,Bengkel Alat Berat,35.135,1177.138,37.041,64.94
2026-06-06 23:30:00,EM001,Bengkel Alat Berat,41.172,1166.061,34.908,64.04
2026-06-06 23:35:00,EM001,Bengkel Alat Berat,45.133,1308.571,36.044,61.814
2026-06-06 23:40:00,EM001,Bengkel Alat Berat,40.274,1271.286,36.884,66.033
2026-06-06 23:45:00,EM001,Bengkel Alat Berat,31.904,1092.226,35.217,65.919
2026-06-06 23:50:00,EM001,Bengkel Alat Berat,28.084,1035.881,36.447,65.314
2026-06-06 23:55:00,EM001,Bengkel Alat Berat,23.624,912.795,33.775,71.343
2026-06-07 00:00:00,EM001,Bengkel Alat Berat,17.885,754.881,35.026,70.607
2026-06-07 00:05:00,EM001,Bengkel Alat Berat,11.891,678.981,32.536,74.782
2026-06-07 00:10:00,EM001,Bengkel Alat Berat,13.976,714.727,34.486,68.675
2026-06-07 00:15:00,EM001,Bengkel Alat Berat,16.392,692.818,35.177,67.557
2026-06-07 00:20:00,EM001,Bengkel Alat Berat,21.111,832.168,35.638,66.629
2026-06-07 00:25:00,EM001,Bengkel Alat Berat,23.937,970.798,37.614,71.725
2026-06-07 00:30:00,EM001,Bengkel Alat Berat,22.297,835.022,36.006,68.564
2026-06-07 00:35:00,EM001,Bengkel Alat Berat,20.448,808.99,34.559,70.46
2026-06-07 00:40:00,EM001,Bengkel Alat Berat,18.177,805.602,33.701,66.239
2026-06-07 00:45:00,EM001,Bengkel Alat Berat,17.04,824.678,34.812,67.24
2026-06-07 00:50:00,EM001,Bengkel Alat Berat,14.536,734.663,35.824,68.507
2026-06-07 00:55:00,EM001,Bengkel Alat Berat,16.915,765.956,35.486,70.024
2026-06-07 01:00:00,EM001,Bengkel Alat Berat,18.749,830.127,36.261,69.769
2026-06-07 01:05:00,EM001,Bengkel Alat Berat,23.373,863.298,33.816,71.833
2026-06-07 01:10:00,EM001,Bengkel Alat Berat,27.418,968.634,37.527,65.131
2026-06-07 01:15:00,EM001,Bengkel Alat Berat,30.315,1026.444,34.992,69.099
2026-06-07 01:20:00,EM001,Bengkel Alat Berat,34.738,1056.329,36.195,66.45
2026-06-07 01:25:00,EM001,Bengkel Alat Berat,39.421,1198.556,37.071,65.833
2026-06-07 01:30:00,EM001,Bengkel Alat Berat,33.744,1087.913,36.416,65.121
2026-06-07 01:35:00,EM001,Bengkel Alat Berat,32.028,1106.372,36.501,68.014
